TOOL_NO	INVENTORY_NUMBER
RRC_F_0001	
RRC_F_0002	
RRC_F_0003	
RRC_F_0004	
RRC_F_0005	
RRC_F_0006	
RRC_F_0007	
RRC_F_0008	
RRC_F_0009	
RRC_F_0010	
RRC_F_0011	
RRC_F_0012	
RRC_F_0013	
RRC_F_0014	
RRC_F_0015	
RRC_F_0016	
RRC_F_0017	
RRC_F_0018	
RRC_F_0019	
RRC_F_0020	
RRC_F_0021	
RRC_F_0022	
RRC_F_0023	
RRC_F_0024	
RRC_F_0025	
RRC_F_0026	
RRC_F_0027	
RRC_F_0028	
RRC_F_0029	
RRC_F_0030	
RRC_F_0031	
RRC_F_0032	
RRC_F_0033	
RRC_F_0034	
RRC_F_0035	
RRC_F_0036	
RRC_F_0039	
RRC_F_0040	
RRC_F_0041	
RRC_F_0042	
RRC_F_0043	
RRC_F_0044	
RRC_F_0045	
RRC_F_0046	
RRC_F_0047	
RRC_F_0048	
RRC_F_0050	8400328
RRC_F_0051	8400329
RRC_F_0052	8400331
RRC_F_0053	8400330
RRC_F_0054	
RRC_F_0055	
RRC_F_0056	
RRC_F_0057	
RRC_F_0058	
RRC_F_0059	
RRC_F_0060	
RRC_F_0061	
RRC_F_0062	
RRC_F_0063	
RRC_F_0064	
RRC_F_0065	
RRC_F_0066	
RRC_F_0067	
RRC_F_0068	
RRC_F_0069	
RRC_F_0070	8400338
RRC_F_0071	8400337
RRC_F_0072	8400336
RRC_F_0073	
RRC_F_0074	
RRC_F_0075	8400338
RRC_F_0076	8400337
RRC_F_0077	8400336
RRC_F_0078	
RRC_F_0079	8400342
RRC_F_0080	8400342
RRC_F_0081	8400341
RRC_F_0082	8400340
RRC_F_0083	8400339
RRC_F_0084	
RRC_F_0085	
RRC_F_0086	
RRC_F_0087	
RRC_F_0088	
RRC_F_0089	
RRC_F_0090	
RRC_F_0091	
RRC_F_0092	
RRC_F_0093	
RRC_F_0094	
RRC_F_0095	
RRC_F_0096	
RRC_F_0097	
RRC_F_0098	
RRC_F_0099	
RRC_F_0100	
RRC_F_0101	
RRC_F_0102	
RRC_F_0103	
RRC_F_0104	
RRC_F_0105	
RRC_F_0106	
RRC_F_0107	
RRC_F_0108	
RRC_F_0109	
RRC_F_0110	
RRC_F_0111	
RRC_F_0112	
RRC_F_0113	
RRC_F_0114	
RRC_F_0115	
RRC_F_0116	
RRC_F_0117	
RRC_F_0118	
RRC_F_0119	
RRC_F_0120	
RRC_F_0121	
RRC_F_0122	
RRC_F_0123	
RRC_F_0124	
RRC_F_0125	
RRC_F_0126	
RRC_F_0127	
RRC_F_0128	
RRC_F_0129	
RRC_F_0130	
RRC_F_0131	
RRC_F_0132	
RRC_F_0133	
RRC_F_0134	
RRC_F_0135	
RRC_F_0136	
RRC_F_0137	
RRC_F_0138	
RRC_F_0139	
RRC_F_0140	
RRC_F_0141	
RRC_F_0142	
RRC_F_0143	
RRC_F_0144	
RRC_F_0145	
RRC_F_0146	
RRC_F_0147	
RRC_F_0148	
RRC_F_0149	
RRC_F_0150	
RRC_F_0151	
RRC_F_0152	
RRC_F_0165	
RRC_F_0166	
RRC_F_0167	
RRC_F_0168	
RRC_F_0169	
RRC_F_0170	
RRC_F_0171	
RRC_F_0172	
RRC_F_0173	
RRC_F_0174	
RRC_F_0175	
RRC_F_0176	
RRC_F_0177	
RRC_F_0178	
RRC_F_0179	
RRC_F_0180	
RRC_F_0181	
RRC_F_0182	
RRC_F_0183	
RRC_F_0184	
RRC_F_0185	
RRC_F_0186	
RRC_F_0187	
RRC_F_0188	
RRC_F_0189	
RRC_F_0190	
RRC_F_0191	
RRC_F_0192	
RRC_F_0193	
RRC_F_0194	
RRC_F_0195	
RRC_F_0196	
RRC_F_0197	
RRC_F_0198	
RRC_F_0199	
RRC_F_0200	
RRC_F_0201	
RRC_F_0202	
RRC_F_0203	
RRC_F_0204	
RRC_F_0205	
RRC_F_0206	
RRC_F_0207	
RRC_F_0208	
RRC_F_0209	
RRC_F_0210	
RRC_F_0211	
RRC_F_0212	
RRC_F_0213	
RRC_F_0214	
RRC_F_0215	
RRC_F_0216	
RRC_F_0217	
RRC_F_0218	
RRC_F_0219	
RRC_F_0220	
RRC_F_0221	
RRC_F_0222	
RRC_F_0223	
RRC_F_0224	
RRC_F_0225	
RRC_F_0226	
RRC_F_0227	
RRC_F_0228	
RRC_F_0229	
RRC_F_0230	
RRC_F_0231	
RRC_F_0232	
RRC_F_0233	
RRC_F_0234	
RRC_F_0235	
RRC_F_0236	
RRC_F_0237	
RRC_F_0238	
RRC_F_0239	
RRC_F_0240	
RRC_F_0241	
RRC_F_0242	
RRC_F_0243	
RRC_F_0244	
RRC_F_0245	
RRC_F_0246	
RRC_F_0247	
RRC_F_0248	
RRC_F_0249	
RRC_F_0250	
RRC_F_0251	
RRC_F_0252	
RRC_F_0253	
RRC_F_0254	
RRC_F_0255	
RRC_F_0256	
RRC_F_0257	
RRC_F_0258	
RRC_F_0259	
RRC_F_0260	
RRC_F_0261	
RRC_F_0262	
RRC_F_0263	
RRC_F_0264	
RRC_F_0265	
RRC_F_0266	
RRC_F_0267	
RRC_F_0268	
RRC_F_0269	
RRC_F_0270	
RRC_F_0271	
RRC_F_0272	
RRC_F_0273	
RRC_F_0274	
RRC_F_0275	
RRC_F_0276	
RRC_F_0277	
RRC_F_0278	
RRC_F_0279	
RRC_F_0280	
RRC_F_0281	
RRC_F_0282	
RRC_F_0283	
RRC_F_0284	
RRC_F_0285	
RRC_F_0286	
RRC_F_0287	
RRC_F_0288	
RRC_F_0291	
RRC_F_0292	
RRC_F_0293	
RRC_F_0294	
RRC_F_0295	
RRC_F_0296	
RRC_F_0297	
RRC_F_0298	
RRC_F_0299	
RRC_F_0300	
RRC_F_0301	
RRC_F_0315	
RRC_F_0316	
RRC_F_0317	
RRC_F_0318	
RRC_F_0319	
RRC_F_0320	
RRC_F_0321	
RRC_F_0322	
RRC_F_0323	
RRC_F_0324	
RRC_F_0325	
RRC_F_0326	
RRC_F_0327	
RRC_F_0328	
RRC_F_0329	
RRC_F_0330	
RRC_F_0331	
RRC_F_0332	
RRC_F_0333	
RRC_F_0334	
RRC_F_0335	
RRC_F_0336	
RRC_F_0337	
RRC_F_0338	
RRC_F_0339	
RRC_F_0340	
RRC_F_0341	
RRC_F_0342	
RRC_F_0343	
RRC_F_0344	
RRC_F_0345	
RRC_F_0346	
RRC_F_0347	
RRC_F_0348	
RRC_F_0349	
RRC_F_0350	
RRC_F_0351	
RRC_F_0352	
RRC_F_0353	
RRC_F_0354	
RRC_F_0355	
RRC_F_0356	
RRC_F_0357	
RRC_F_0358	
RRC_F_0359	
RRC_F_0360	
RRC_F_0361	
RRC_F_0362	
RRC_F_0363	
RRC_F_0364	
RRC_F_0365	
RRC_F_0366	
RRC_F_0367	
RRC_F_0368	
RRC_F_0369	
RRC_F_0370	
RRC_F_0371	
RRC_F_0372	
RRC_F_0373	
RRC_F_0374	
RRC_F_0375	
RRC_F_0376	
RRC_F_0377	
RRC_F_0378	
RRC_F_0379	
RRC_F_0380	
RRC_F_0381	
RRC_F_0382	
RRC_F_0400	
RRC_F_0401	
RRC_F_0402	
RRC_F_0403	
RRC_F_0404	
RRC_F_0405	
RRC_F_0406	
RRC_F_0407	
RRC_F_0408	
RRC_F_0409	
RRC_F_0410	
RRC_F_0411	
RRC_F_0412	
RRC_F_0413	
RRC_F_0414	
RRC_F_0415	
RRC_F_0416	
RRC_F_0417	
RRC_F_0418	
RRC_F_0419	
RRC_F_0420	
RRC_F_0421	
RRC_F_0422	
RRC_F_0423	
RRC_F_0424	
RRC_F_0425	
RRC_F_0426	
RRC_F_0427	
RRC_F_0428	
RRC_F_0429	
RRC_F_0430	
RRC_F_0431	
RRC_F_0432	
RRC_F_0433	
RRC_F_0434	
RRC_F_0435	
RRC_F_0436	
RRC_F_0437	
RRC_F_0438	
RRC_F_0439	
RRC_F_0440	
RRC_F_0441	
RRC_F_0442	
RRC_F_0443	
RRC_F_0444	
RRC_F_0445	
RRC_F_0446	
RRC_F_0447	
RRC_F_0448	
RRC_F_0449	
RRC_F_0450	
RRC_F_0451	
RRC_F_0452	
RRC_F_0453	
RRC_F_0454	
RRC_F_0455	
RRC_F_0456	
RRC_F_0457	
RRC_F_0458	
RRC_F_0459	
RRC_F_0460	
RRC_F_0461	
RRC_F_0462	
RRC_F_0463	
RRC_F_0464	
RRC_F_0465	
RRC_F_0466	
RRC_F_0467	
RRC_F_0468	
RRC_F_0469	
RRC_F_0470	
RRC_F_0471	
RRC_F_0472	
RRC_F_0473	
RRC_F_0474	
RRC_F_0475	
RRC_F_0476	
RRC_F_0477	
RRC_F_0478	
RRC_F_0479	
RRC_F_0480	
RRC_F_0481	
RRC_F_0482	
RRC_F_0483	
RRC_F_0484	
RRC_F_0485	
RRC_F_0486	
RRC_F_0487	
RRC_F_0488	
RRC_F_0489	
RRC_F_0490	
RRC_F_0491	
RRC_F_0492	
RRC_F_0493	
RRC_F_0494	
RRC_F_0495	
RRC_F_0496	
RRC_F_0497	
RRC_F_0498	
RRC_F_0499	
RRC_F_0500	
RRC_F_0501	
RRC_F_0502	
RRC_F_0503	
RRC_F_0504	
RRC_F_0505	
RRC_F_0506	
RRC_F_0507	
RRC_F_0508	
RRC_F_0509	
RRC_F_0510	
RRC_F_0511	
RRC_F_0512	
RRC_F_0513	
RRC_F_0514	
RRC_F_0515	
RRC_F_0516	
RRC_F_0517	
RRC_F_0518	
RRC_F_0519	
RRC_F_0520	
RRC_F_0521	
RRC_F_0522	
RRC_F_0523	
RRC_F_0524	
RRC_F_0525	
RRC_F_0526	
RRC_F_0527	
RRC_F_0528	
RRC_F_0532	
RRC_F_0533	
RRC_F_0534	
RRC_F_0535	
RRC_F_0536	
RRC_F_0537	
RRC_F_0538	
RRC_F_0600	
RRC_F_0601	
RRC_F_0602	
RRC_F_0603	
RRC_F_0604	
RRC_F_0605	
RRC_F_0606	
RRC_F_0607	
RRC_F_0608	
RRC_F_0609	
RRC_F_0610	
RRC_F_0611	
RRC_F_0612	
RRC_F_0613	
RRC_F_0614	
RRC_F_0615	
RRC_F_0616	
RRC_F_0617	
RRC_F_0618	
RRC_F_0619	
RRC_F_0620	
RRC_F_0621	
RRC_F_0623	
RRC_F_0624	
RRC_F_0625	8400392
RRC_F_0626	8400394
RRC_F_0627	8400395
RRC_F_0628	8400396
RRC_F_0629	8400397
RRC_F_0630	
RRC_F_0631	
RRC_F_0632	
RRC_F_0633	
RRC_F_0634	
RRC_F_0635	
RRC_F_0636	
RRC_F_0637	
RRC_F_0638	
RRC_F_0639	
RRC_F_0640	
RRC_F_0641	
RRC_F_0642	
RRC_F_0643	
RRC_F_0644	
RRC_F_0645	
RRC_F_0646	
RRC_F_0647	
RRC_F_0648	
RRC_F_0649	
RRC_F_0650	
RRC_F_0651	
RRC_F_0652	
RRC_F_0653	
RRC_F_0654	
RRC_F_0655	
RRC_F_0656	
RRC_F_0657	
RRC_F_0658	
RRC_F_0659	
RRC_F_0660	
RRC_F_0661	
RRC_F_0662	
RRC_F_0663	
RRC_F_0664	
RRC_F_0665	
RRC_F_0666	
RRC_F_0667	
RRC_F_0668	
RRC_F_0669	
RRC_F_0670	
RRC_F_0671	
RRC_F_0672	
RRC_F_0673	
RRC_F_0674	
RRC_F_0675	
RRC_F_0676	
RRC_F_0677	
RRC_F_0678	
RRC_F_0679	
RRC_F_0680	
RRC_F_0681	
RRC_F_0682	
RRC_F_0683	
RRC_F_0684	
RRC_F_0685	
RRC_F_0686	
RRC_F_0687	
RRC_F_0688	
RRC_F_0689	
RRC_F_0690	
RRC_F_0691	
RRC_F_0692	
RRC_F_0693	
RRC_F_0694	
RRC_F_0695	
RRC_F_0696	
RRC_F_0697	
RRC_F_0698	
RRC_F_0699	
RRC_F_0700	
RRC_F_0701	
RRC_F_0702	
RRC_F_0703	
RRC_F_0704	
RRC_F_0705	
RRC_F_0706	
RRC_F_0707	
RRC_F_0708	
RRC_F_0710	
RRC_F_0713	
RRC_F_0714	
RRC_F_0715	
RRC_F_0716	
RRC_F_0717	
RRC_F_0718	
RRC_F_0719	
RRC_F_0720	
RRC_F_0721	
RRC_F_0722	
RRC_F_0723	
RRC_F_0724	
RRC_F_0725	
RRC_F_0726	
RRC_F_0727	
RRC_F_0728	
RRC_F_0729	
RRC_F_0730	
RRC_F_0731	
RRC_F_0732	
RRC_F_0733	
RRC_F_0734	
RRC_F_0735	
RRC_F_0736	
RRC_F_0737	
RRC_F_0738	
