MATNR	KTXT	SSNA	LGORT
110022-01	INR18650-30Q Samsung Li-Ion Battery Cell	WH2-MAT-PLT-R1	0022
110023-01	INR18650-35E Samsung Li-Ion Battery Cell	WH2-MAT-PLT-R1	0022
205557-02	PE-Bag RRC2020	WH2-MAT-FLOW-R4	0026
205560-03	PE-Bag RRC2040	WH2-MAT-FLOW-R4	0026
206128-03	PE-Bag RRC2040-2	WH2-MAT-FLOW-R4	0026
206139-02	Connector_2er_Cell_PCB_front_RRC2054	WH2-MAT-FLOW-R5	0027
206140-02	Connector_Cell_to_PCB_right_RRC2054	WH2-MAT-FLOW-R5	0027
206141-02	Connector_Cell_to_PCB_left_RRC2054	WH2-MAT-FLOW-R5	0027
206142-03	Connnecor_2er_Cell_PCB_rear_RRC2054	WH2-MAT-FLOW-R5	0027
206143-02	Connector_Cell_to_PCB_left_RRC2057	WH2-MAT-FLOW-R5	0027
206144-02	Connector_Cell_to_PCB_right_RRC2057	WH2-MAT-FLOW-R5	0027
206146-10	Upper-Housing_RRC2054/RRC2057, MN3709	WH1-MAT-PLT-R2	0021
206147-07	Lower-Housing_RRC2054/RRC2057, MN3709	WH1-MAT-PLT-R2	0021
206277-03	Battery Insulation Tape 4 Cells	WH2-MAT-FLOW-R5	0027
206278-02	Label white 10x40mm PET	WH2-MAT-FLOW-R4	0026
206280-01	PE-Bag Jaspis	WH2-MAT-FLOW-R4	0026
206328-06	Outer_Box_385x245x151	WH1-MAT-PLT-R2	0021
206329-01	Outer Box Guide Jaspis	WH1-MAT-PLT-R2	0021
206330-02	Outer Box Cap Jaspis	WH1-MAT-PLT-R2	0021
206364-01	Battery Insulation Tape 64x20x0.18mm	WH2-MAT-FLOW-R4	0026
210306-01	Battery Insulation Tape 20x20x0.18mm	WH2-MAT-FLOW-R5	0027
210512-02	SC_female_5-Pin_p=5mm_10A_N15097 (CEN)	WH2-MAT-PLT-R1	0022
210767-07	RRC2020 Upper-Housing	WH1-MAT-PLT-R2	0021
210768-07	RRC2020 Lower-Housing	WH1-MAT-PLT-R2	0021
210769-04	RRC2040 Upper-Housing	WH1-MAT-PLT-R2	0021
210770-04	RRC2040 Lower-Housing	WH1-MAT-PLT-R2	0021
210771-07	RRC2040-2 UpperHousing, MN3709/Teijin	WH1-MAT-PLT-R2	0021
210772-06	RRC2040-2 LowerHousing, MN3709/Teijin	WH1-MAT-PLT-R2	0021
210788-04	PLATE-TAB_B+_2 SJ61-02413A Ni99.6	WH2-MAT-FLOW-R4	0026
210789-03	PLATE-TAB_B2_2 SJ61-02414A Ni99.6	WH2-MAT-FLOW-R4	0026
210790-03	PLATE-TAB_B2_1 SJ61-02415A Ni99.6	WH2-MAT-FLOW-R4	0026
210791-05	PLATE-TAB_B1 SJ61-02416A Ni99.6	WH2-MAT-FLOW-R4	0026
210792-04	PLATE-TAB_B- SJ61-02417A Ni99.6	WH2-MAT-FLOW-R4	0026
210793-03	PLATE-TAB B+_1 SJ61-02429A Ni99.6	WH2-MAT-FLOW-R4	0026
210794-03	WIRE HARNESS SJ39-00131A	WH2-MAT-FLOW-R4	0026
210795-03	WIRE HARNESS SJ39-00132A	WH2-MAT-FLOW-R4	0026
210796-03	WIRE HARNESS SJ39-00133A	WH2-MAT-FLOW-R4	0026
210799-01	Insulation_Tape_for_7_cells	WH2-MAT-FLOW-R4	0026
210801-01	Insulation_Tape_23*15_SJ74-00476A	WH2-MAT-FLOW-R4	0026
210828-02	WIRE-LEAD SJ66-00246A	WH2-MAT-FLOW-R4	0026
210829-02	WIRE-LEAD SJ66-00609A	WH2-MAT-FLOW-R4	0026
210830-04	PLATE-TAB_B+_SJ61_02410A Ni99.6 0.15mm	WH2-MAT-FLOW-R4	0026
210831-04	PLATE-TAB_B2_SJ61_02411A Ni99.6 0.15mm	WH2-MAT-FLOW-R4	0026
210832-03	PLATE-TAB_B1_SJ61_02409A Ni99.6 0.15mm	WH2-MAT-FLOW-R4	0026
210833-03	PLATE-TAB_B-_SJ61_02408A Ni99.6 0.15mm	WH2-MAT-FLOW-R4	0026
210838	Glue_FB300ZW (Konishi)	WH2-MAT-FEFO-R6	0028
210842-02	WIRE SJ66-00527A;AWG20;BLACK;L=67.5	WH2-MAT-FLOW-R5	0027
210843-02	WIRE SJ66-00526A - AWG24, RED,  L67.0	WH2-MAT-FLOW-R5	0027
210844-01	NI-TAB SJ75-00452A	WH2-MAT-FLOW-R5	0027
210845-01	NI-TAB SJ75-00440A	WH2-MAT-FLOW-R5	0027
210846-01	NI-TAB SJ75-00453A	WH2-MAT-FLOW-R5	0027
210847-01	NI-TAB SJ75-00454A	WH2-MAT-FLOW-R5	0027
210848-01	NI-TAB SJ75-00439A	WH2-MAT-FLOW-R5	0027
210849-01	WIRE SJ66-00552A;AWG #20 UL3385, L122.45	WH2-MAT-FLOW-R5	0027
210879-02	Pull-Tape RRC2020	WH2-MAT-FLOW-R4	0026
210881-02	Pull-Tape RRC2040	WH2-MAT-FLOW-R4	0026
210882-03	Pull-Tape RRC2040-2	WH2-MAT-FLOW-R5	0027
210926-02	Insulation tape for RRC2040	WH2-MAT-FLOW-R4	0026
210927-01	Insulation tape for RRC2040-2	WH2-MAT-FLOW-R5	0027
210987-05	Outer Box 395x286x180	WH1-MAT-PLT-R2	0021
210988-01	Single-Box 156x64x28mm E-Flute	WH1-MAT-PLT-R2	0021
210989-01	Separation-Pad A RRC2040-2	WH1-MAT-PLT-R2	0021
210990-01	Separation-Pad B RRC2040-2	WH1-MAT-PLT-R2	0021
210991-02	Outer Box Pad 380x271mm AB-Flute	WH1-MAT-PLT-R2	0021
210998-02	Cell-Connector B1	WH2-MAT-FLOW-R4	0026
210999-01	Cell-Connector B2	WH2-MAT-FLOW-R4	0026
211000-02	Cell-Connector B3	WH2-MAT-FLOW-R4	0026
211003-04	Outer Box 372*254*154mm AB-Flute	WH1-MAT-PLT-R2	0021
211005-01	Outer_Box Pad 357x239mm_AB-Flute	WH1-MAT-PLT-R2	0021
211008-02	Cable B2	WH2-MAT-FLOW-R4	0026
211009-02	Single-Box 90x64x28	WH1-MAT-PLT-R2	0021
211010-02	Separation_Pad_A_RRC2040	WH1-MAT-PLT-R2	0021
211011-02	Separation_Pad_B_RRC2040	WH1-MAT-PLT-R2	0021
211012-02	Separation_Pad_A_RRC2020	WH1-MAT-PLT-R2	0021
211013-02	Separation_Pad_B_RRC2020	WH1-MAT-PLT-R2	0021
211017-03	Outer Box Spacer RRC2020	WH1-MAT-PLT-R2	0021
211018-02	Single-Box 155x95x26mm E-Flute	WH1-MAT-PLT-R2	0021
211022-02	PE-Bag RRC2054-2	WH2-MAT-FLOW-R4	0026
211023-01	Single-Box RRC2054-2	WH1-MAT-PLT-R2	0021
211024-04	Outer Box 364x185x224	WH1-MAT-PLT-R2	0021
211027-02	Outer box Cap RRC2054-2	WH1-MAT-PLT-R2	0021
211040-01	Single-Box_112x81x30mm_E-Flute	WH1-MAT-PLT-R2	0021
211213-01	Insulation_Tape_14x10mm	WH2-MAT-FLOW-R4	0026
211238-01	Battery Insulation Tape 18.5x13.0x0.9mm	WH2-MAT-FLOW-R4	0026
211240-01	Outer box Pad RRC2054-2	WH1-MAT-PLT-R2	0021
211241-01	Outer box Spacer RRC2054-2	WH1-MAT-PLT-R2	0021
211290-01	Insulation_Tape_14x10mm	WH2-MAT-FLOW-R5	0027
211298-01	General Battery InsulationTape 18.5x13mm	WH2-MAT-FLOW-R4	0026
211342-02	Info sheet RRC2020-DR	WH2-MAT-FLOW-R4	0026
211434-01	Battery-Connector_10A_TSD0-04105-A0TNMB	WH2-MAT-PLT-R1	0022
211454-08	Device Label RRC2040-2S 35E	WH2-MAT-FLOW-R5	0027
211455-06	Device Label RRC2054S_35E	WH2-MAT-FLOW-R5	0027
211553-01	Label white 105x74mm opaque	WH2-MAT-FLOW-R4	0026
211582-02	Label white 60x60mm PET 3M 7871	WH2-MAT-FLOW-R4	0026
211583-01	Cell_Tab_3L (Petalite)	WH2-MAT-FLOW-R5	0027
211709-04	Device Label RRC2020-HI	WH2-MAT-FLOW-R5	0027
211724-01	Pull_Tape_RRC2054-2	WH2-MAT-FLOW-R4	0026
211879-01	Donut_Insulation-Tape_12x21mm	WH2-MAT-FLOW-R5	0027
211939	N18650CP BAK Li-Ion Battery Cell	WH2-MAT-PLT-R1	0022
211964-06	Device Label RRC2020B	WH2-MAT-FLOW-R4	0026
211966-05	Device Label RRC2040B	WH2-MAT-FLOW-R4	0026
211981-01	"Insulation Tape 18,5x10"	WH2-MAT-FLOW-R4	0026
212053-01	Donut_Tape_Soldering_Protect	WH2-MAT-FLOW-R5	0027
212101-02	Spinel Cell Connector left	WH2-MAT-FLOW-R5	0027
212102-02	Spinel Cell Connector right	WH2-MAT-FLOW-R5	0027
212103-02	Spinel Cell Connector bottom	WH2-MAT-FLOW-R5	0027
212104-01	Spinel Thermo Pad 7x5x1	WH2-MAT-FLOW-R5	0027
212121	CLASS 9 dangerous goods label	WH2-MAT-FLOW-R5	0027
212145	Cargo Aircraft Only label	WH2-MAT-FLOW-R5	0027
212161-01	FixationTape_20x0.055mm	WH2-MAT-FLOW-R4	0026
212162-01	Label white 6.35x6.35mm PET	WH2-MAT-FLOW-R5	0027
212191-03	Lower-Housing_RRC2054-2	WH1-MAT-PLT-R2	0021
212192-01	Upper-Housing_RRC2054-2	WH1-MAT-PLT-R2	0021
212272-02	Device Label RRC2020-DR VN	WH2-MAT-FLOW-R4	0026
212286-01	Label_white_10x50mm_PET	WH2-MAT-FLOW-R5	0027
212293-01	Tray Spinel	WH1-MAT-PLT-R2	0021
212294-02	Spinel Pad 349*75,6mm	WH1-MAT-PLT-R2	0021
212296	Side-gusseted bag 415+315x650x0,034mm	WH2-MAT-FLOW-R4	0026
212300-03	Device Label RRC2054-2S VN	WH2-MAT-FLOW-R4	0026
212303-01	Device Label RRC2020-GE VN	WH2-MAT-FLOW-R4	0026
212304-05	Device Label RRC2040-2S-OL VN	WH2-MAT-FLOW-R5	0027
212323-01	Cell_Tab_3R (Petalite)	WH2-MAT-FLOW-R5	0027
212324-02	Double-sided tape	WH2-MAT-FLOW-R5	0027
212325-01	FixationTape_12x0.055mm	WH2-MAT-FLOW-R4	0026
212342	Lead Free Solder  SI100C-NS-31-3.0 1.0mm	WH2-MAT-FLOW-R5	0027
212428-02	Device Label RRC2054-2 Hamilton	WH2-MAT-FLOW-R5	0027
212429-01	Device Label RRC2054-2-LM	WH2-MAT-FLOW-R5	0027
212468-01	Label white 20x40mm PET	WH2-MAT-FLOW-R4	0026
212563-04	Device Label QSB2054	WH2-MAT-FLOW-R5	0027
212564-04	Device Label QSB2054-2	WH2-MAT-FLOW-R5	0027
212565-04	Device Label QSB2040	WH2-MAT-FLOW-R5	0027
212580-04	Device Label QSB2040-2	WH2-MAT-FLOW-R5	0027
212584	N18650CR-35E  BAK Li-Ion Battery Cell	WH2-MAT-PLT-R1	0022
212586-01	QSB Outer Box 385x245x151mm	WH1-MAT-PLT-R2	0021
212588-02	Petalite Cell-Holder 1	WH2-MAT-PLT-R1	0022
212589-01	Device Label RRC2054-SO	WH2-MAT-FLOW-R5	0027
212630-02	Device Label RRC2054-OL	WH2-MAT-FLOW-R5	0027
212640-01	QSB Outer Box 395x286x180mm	WH1-MAT-PLT-R2	0021
212641-01	QSB Outer Box 364x185x224mm	WH1-MAT-PLT-R2	0021
212650-05	Petalite_Left-Housing	WH2-MAT-PLT-R1	0022
212651-05	Petalite_Right-Housing	WH2-MAT-PLT-R1	0022
212652-01	Petalite_Handle	WH2-MAT-PLT-R1	0022
212680	Venting Membrane_BD 01250300 HY/D (SST)	WH2-MAT-FLOW-R5	0027
212723-01	Cell_Tab_6R (Petalite)	WH2-MAT-FLOW-R5	0027
212724-02	Cell_Tab_6L (Petalite)	WH2-MAT-FLOW-R5	0027
212735	CC5493F101 Samsung Li-Ion Battery Cell	WH2-MAT-PLT-R1	0022
212736-04	Petalite Device label	WH2-MAT-FLOW-R5	0027
212740-01	Petalite Cell-Holder 2	WH2-MAT-PLT-R1	0022
212767-02	Petalite Gasket	WH2-MAT-FLOW-R5	0027
212768	Screw 8X3_96034003008-02-V02(B llhoff)	WH2-MAT-FLOW-R5	0027
212769	Screw 40x3_96033903040-02-V02(B llhoff)	WH2-MAT-FLOW-R5	0027
212800	Screw 25x3_96034103025-02-V02(B llhoff)	WH2-MAT-FLOW-R5	0027
212801	Screw25x2.5_96034225025-02-V02(B llhoff)	WH2-MAT-FLOW-R5	0027
212830-03	Outer Box Petalite	WH1-MAT-PLT-R2	0021
212831-01	Single Box Petalite	WH1-MAT-PLT-R2	0021
212832-01	Pulp Tray Petalite	WH1-MAT-PLT-R2	0021
212833-02	Petalite Device label Bottom	WH2-MAT-FLOW-R5	0027
212834-01	PE bag Petalite	WH2-MAT-FLOW-R4	0026
212884	OPP Adhesive Tape 47mm*90m (TAN PHU)		0029
213105	Battery Cell ITR26/70-43E(R2)_(EVPS)	WH2-MAT-PLT-R1	0022
410152-01	Connector Assembly	WH2-MAT-PLT-R1	0022
410809-03	SC_TSN0-20201-04XXA (CEN-LINK)	WH2-MAT-PLT-R1	0022
410810-02	Petalite Front-Foil	WH2-MAT-FLOW-R5	0027
411828-05	PCBA RRC2020 (4.2V Celll)	WH2-MAT-PLT-R1	0022
411829-07	PCBA RRC2040 Facelift (4.2V cell)	WH2-MAT-PLT-R1	0022
412099-01	PCBA_RRC2054-2S Galena	WH2-MAT-PLT-R1	0022
412100-01	PCBA_RRC2054S	WH2-MAT-PLT-R1	0022
412101-01	PCBA_RRC2040-2	WH2-MAT-PLT-R1	0022
412102-01	UDI DataMatrix Label Cell	Production	0030
412103-01	UDI DataMatrix Label PCBA	Production	0030
412185-05	Petalite_PCBA	WH2-MAT-PLT-R1	0022
412200-01	PCBA RRC2020-HI	WH2-MAT-PLT-R1	0022
212875	Therm.Trans.Ribbon Armor AXR7+75mm_300m	WH2-MAT-FLOW-R5	0027
212112	Therm.Trans.Ribbon Armor AXR7+110mm_300m	WH2-MAT-FLOW-R5	0027
			
